{"cameraMode":{"drawMode":0,"name":"Shaded","section":"Shading Mode"},"sceneLighting":false,"audioPlay":false,"sceneViewState":{"showFog":true,"showMaterialUpdate":false,"showSkybox":false,"showFlares":true,"showImageEffects":true,"showParticleSystems":true},"in2DMode":false,"pivot":{"x":-0.07185697555541992,"y":0.21310442686080934,"z":-2.023014783859253},"rotation":{"x":0.23253744840621949,"y":-0.37184932827949526,"z":0.09632942080497742,"w":0.8936635851860046},"size":9.126239776611329,"orthographic":true}