{"cameraMode":{"drawMode":0,"name":"Shaded","section":"Shading Mode"},"sceneLighting":false,"audioPlay":false,"sceneViewState":{"showFog":true,"showMaterialUpdate":false,"showSkybox":false,"showFlares":true,"showImageEffects":true,"showParticleSystems":true},"in2DMode":false,"pivot":{"x":-0.00006103515625,"y":-50.8148193359375,"z":0.00006103515625},"rotation":{"x":-0.28768837451934817,"y":-0.6498245596885681,"z":0.29209867119789126,"w":-0.6401588320732117},"size":444.1120910644531,"orthographic":true}