{"cameraMode":{"drawMode":0,"name":"Shaded","section":"Shading Mode"},"sceneLighting":false,"audioPlay":false,"sceneViewState":{"showFog":true,"showMaterialUpdate":false,"showSkybox":false,"showFlares":true,"showImageEffects":true,"showParticleSystems":true},"in2DMode":false,"pivot":{"x":0.2925502061843872,"y":2.8434195518493654,"z":-0.18293678760528565},"rotation":{"x":0.23253744840621949,"y":-0.37184932827949526,"z":0.09632942080497742,"w":0.8936635851860046},"size":13.406810760498047,"orthographic":true}