{"cameraMode":{"drawMode":0,"name":"Shaded","section":"Shading Mode"},"sceneLighting":false,"audioPlay":false,"sceneViewState":{"showFog":true,"showMaterialUpdate":false,"showSkybox":false,"showFlares":true,"showImageEffects":true,"showParticleSystems":true},"in2DMode":false,"pivot":{"x":-0.01503743976354599,"y":0.0,"z":0.004004240036010742},"rotation":{"x":0.23253744840621949,"y":-0.37184932827949526,"z":0.09632942080497742,"w":0.8936635851860046},"size":1.7537531852722169,"orthographic":true}