{"cameraMode":{"drawMode":0,"name":"Shaded","section":"Shading Mode"},"sceneLighting":false,"audioPlay":false,"sceneViewState":{"showFog":true,"showMaterialUpdate":false,"showSkybox":false,"showFlares":true,"showImageEffects":true,"showParticleSystems":true},"in2DMode":false,"pivot":{"x":0.15455198287963868,"y":2.850832462310791,"z":-0.15218117833137513},"rotation":{"x":0.23253744840621949,"y":-0.37184932827949526,"z":0.09632942080497742,"w":0.8936635851860046},"size":13.491798400878907,"orthographic":true}